<?xml version="1.0"?>
<doc>
    <assembly>
        "ftrSDKHelper"
    </assembly>
    <members>
        <member name="F:Futronic.SDKHelper.FutronicIdentification.m_BaseTemplate">
            <summary>
The base template.
You cannot access to this variable directly. Use the BaseTemplate property.
</summary>
        </member>
        <member name="M:Futronic.SDKHelper.FutronicIdentification.GetBaseTemplateThreadStartProc">
            <summary>
The main thread of the enrollment operation for the
identification purpose.
</summary>
            <remarks>
Function prepares all necessary parameters for the enrollment
operation and calls the function from unmanaged
code. This unmanaged function sets all parameters for SDK and
starts the enrollment operation. It helps to reduce number of
switching between managed and unmanaged codes and increases
speed.
</remarks>
        </member>
        <member name="P:Futronic.SDKHelper.FutronicIdentification.BaseTemplate">
            <summary>
Get\Set the base template.
</summary>
            <remarks>
Returns the base template. If enrollment operation for the identification
purpose is not completed, the return value is null (or Nothing for VB).
</remarks>
            <exception cref="T:System.ObjectDisposedException">
The class instance is disposed. Any calls are prohibited.
</exception>
            <exception cref="T:System.InvalidOperationException">
The identification operation or the enrollment operation for the identification
purpose is already started.
</exception>
            <exception cref="T:System.ArgumentNullException">
A null reference (Nothing in Visual Basic) is passed to a method.
</exception>
        </member>
        <member name="M:Futronic.SDKHelper.FutronicIdentification.Identification(Futronic.SDKHelper.FtrIdentifyRecord[],System.Int32@)">
            <summary>
The function compares the base template against a set of
source templates.
</summary>
            <param name="rgTemplates">
The set of source templates.
</param>
            <param name="nIndex">
If the function succeeds, <c>nIndex</c> contains an index of the
matched record (the first element has an index 0) or -1, if
no matching source templates are detected.
</param>
            <remarks>
The identification operation is stopped, when the first matched
template is detected.
</remarks>
            <returns>
The Futronic SDK return code (see FTRAPI.h).
</returns>
            <exception cref="T:System.InvalidOperationException">
The enrollment operation for the identification purpose is
not completed.
</exception>
            <exception cref="T:System.ObjectDisposedException">
The class instance is disposed. Any calls are prohibited.
</exception>
            <exception cref="T:System.ArgumentNullException">
A null (Nothing in VB) reference parameter rgTemplates is passed to
the function.
</exception>
        </member>
        <member name="M:Futronic.SDKHelper.FutronicIdentification.Identification(Futronic.SDKHelper.FtrIdentifyRecord,System.Boolean@)">
            <summary>
The function compares the base template against a single template.
</summary>
            <param name="Template">
The source templates.
</param>
            <param name="bResult">
If the function succeeds, <c>bResults</c> contains result of the
identification.
<c>true</c> if the template is matched, otherwise is <c>false</c>.
</param>
            <returns>
The Futronic SDK return code (see FTRAPI.h).
</returns>
            <exception cref="T:System.InvalidOperationException">
The enrollment operation for the identification purpose is
not completed.
</exception>
            <exception cref="T:System.ObjectDisposedException">
The class instance is disposed. Any calls are prohibited.
</exception>
        </member>
        <member name="M:Futronic.SDKHelper.FutronicIdentification.GetBaseTemplate">
            <summary>
This function starts the "get base template" operation for the
identification purpose.
</summary>
            <remarks>
The "get base template" operation starts in its own thread. To interact
with the enrollment operation you should specify one or more
of the following events:
<list type="table"><listheader><term>Event</term><description>Description</description></listheader><item><term>OnPutOn</term><description>Invitation for touching the fingerprint scanner surface.
    </description></item><item><term>OnTakeOff</term><description>Proposal to take off a finger from the scanner surface.
    </description></item><item><term>UpdateScreenImage</term><description>The "Show the current fingerprint image" event.</description></item><item><term>OnFakeSourceHandler</term><description>The "Fake Finger Detected"  event. This event raises
    only if <c>FakeDetection</c> and <c>FFDControl</c> properties are
    <c>true</c>.</description></item><item><term>OnGetBaseTemplateComplete</term><description>This event is signaled when the enrollment operation for
    the identification purpose is completed and base template is ready.
    If the operation is completed successfully, you may start
    the identification operation.</description></item></list>
If the enrollment operation for the identification purpose is completed
successfully, you may start any identification function.
The next call of the enrollment operation will empty the last received results.
</remarks>
            <exception cref="T:System.InvalidOperationException">
The identification operation or the enrollment operation for the identification
purpose is already started.
</exception>
            <exception cref="T:System.ObjectDisposedException">
The class instance is disposed. Any calls are prohibited.
</exception>
        </member>
        <member name="M:Futronic.SDKHelper.FutronicIdentification.Dispose">
            <summary>
Releases the unmanaged resources used by the FutronicIdentification and optionally 
releases the managed resources.
</summary>
        </member>
        <member name="M:Futronic.SDKHelper.FutronicIdentification.#ctor">
            <summary>
The FutronicIdentification class constructor.
Initialize a new instance of the FutronicIdentification class.
</summary>
            <exception cref="T:Futronic.SDKHelper.FutronicException">
Error occurs during SDK initialization. To get error code, see 
property ErrorCode of FutronicException class.
</exception>
        </member>
        <member name="E:Futronic.SDKHelper.FutronicIdentification.OnGetBaseTemplateComplete">
            <summary>
This event is signaled when the enrollment operation for
the identification purpose is completed and base template is ready.
If the operation is completed successfully, you may start
the identification operation.
</summary>
        </member>
        <member name="T:Futronic.SDKHelper.FutronicIdentification">
            <summary>
The "Identification operation" class
</summary>
        </member>
        <member name="T:Futronic.SDKHelper.OnGetBaseTemplateCompleteHandler">
            <summary>
The "Get base template operation complete" event.
</summary>
            <param name="bSuccess">
                <c>true</c> if the operation succeeds, otherwise is <c>false</c>.
</param>
            <param name="nResult">
The Futronic SDK return code (see FTRAPI.h).
</param>
        </member>
        <member name="F:Futronic.SDKHelper.FutronicVerification.m_FARNValue">
            <summary>
The FARN value returned during the last verification operation.
You cannot access to this variable directly. Use the FARNValue property.
</summary>
        </member>
        <member name="F:Futronic.SDKHelper.FutronicVerification.m_bResult">
            <summary>
The last verification result.
You cannot access to this variable directly. Use the Result property.
</summary>
        </member>
        <member name="F:Futronic.SDKHelper.FutronicVerification.m_Template">
            <summary>
This is a copy of the source template.
</summary>
        </member>
        <member name="M:Futronic.SDKHelper.FutronicVerification.VerificationThreadStartProc">
            <summary>
The main thread of the verification operation.
</summary>
            <remarks>
Function prepares all necessary parameters for the verification
operation and calls the function from unmanaged
code. This unmanaged function sets all parameters for SDK and
starts the verification operation. It helps to reduce number of
switching between managed and unmanaged codes and increases
speed.
</remarks>
        </member>
        <member name="P:Futronic.SDKHelper.FutronicVerification.FARNValue">
            <summary>
The FARN value returned during the last verification
operation (Read only).
</summary>
            <exception cref="T:System.ObjectDisposedException">
The class instance is disposed. Any calls are prohibited.
</exception>
            <exception cref="T:System.InvalidOperationException">
The verification operation is not finished.
</exception>
        </member>
        <member name="P:Futronic.SDKHelper.FutronicVerification.Result">
            <summary>
The last verification result (Read only).
</summary>
            <exception cref="T:System.ObjectDisposedException">
The class instance is disposed. Any calls are prohibited.
</exception>
            <exception cref="T:System.InvalidOperationException">
The verification operation is not finished.
</exception>
        </member>
        <member name="M:Futronic.SDKHelper.FutronicVerification.Verification">
            <summary>
This function starts the verification operation.
</summary>
            <remarks>
The verification operation starts in its own thread. To interact
with the enrollment operation you should specify one or more
of the following events:
<list type="table"><listheader><term>Event</term><description>Description</description></listheader><item><term>OnPutOn</term><description>Invitation for touching the fingerprint scanner surface.
    </description></item><item><term>OnTakeOff</term><description>Proposal to take off a finger from the scanner surface.
    </description></item><item><term>UpdateScreenImage</term><description>The "Show the current fingerprint image" event.</description></item><item><term>OnFakeSourceHandler</term><description>The "Fake Finger Detected"  event. This event raises
    only if <c>FakeDetection</c> and <c>FFDControl</c> properties are
    <c>true</c>.</description></item><item><term>OnVerificationComplete</term><description>This event is signaled when the verification operation
    is completed.</description></item></list></remarks>
            <exception cref="T:System.InvalidOperationException">
The verification operation is already started.
</exception>
            <exception cref="T:System.ObjectDisposedException">
The class instance is disposed. Any calls are prohibited.
</exception>
        </member>
        <member name="M:Futronic.SDKHelper.FutronicVerification.Dispose">
            <summary>
Releases the unmanaged resources used by the FutronicVerification and optionally 
releases the managed resources.
</summary>
        </member>
        <member name="M:Futronic.SDKHelper.FutronicVerification.#ctor(System.Byte[])">
            <summary>
The FutronicVerification class constructor.
Initialize a new instance of the FutronicVerification class.
</summary>
            <param name="Template">
A source template for verification.
</param>
            <exception cref="T:Futronic.SDKHelper.FutronicException">
Error occurs during SDK initialization. To get error code, see 
property ErrorCode of the FutronicException class.
</exception>
            <exception cref="T:System.ArgumentNullException">
A null (Nothing in VB) reference parameter Template is passed to
the constructor.
</exception>
        </member>
        <member name="E:Futronic.SDKHelper.FutronicVerification.OnVerificationComplete">
            <summary>
This event is signaled when the verification operation is completed.
</summary>
        </member>
        <member name="T:Futronic.SDKHelper.FutronicVerification">
            <summary>
The FutronicVerification class captures an image from the attached
</summary>
        </member>
        <member name="T:Futronic.SDKHelper.OnVerificationCompleteHandler">
            <summary>
The "Verification operation complete" event.
</summary>
            <param name="bSuccess">
                <c>true</c> if the operation succeeds, otherwise is <c>false</c>.
</param>
            <param name="nResult">
The Futronic SDK return code (see FTRAPI.h).
</param>
            <param name="bVerificationSuccess">
If the operation succeeds (bSuccess is <c>true</c>), this parameters
shows the verification operation result. <c>true</c> if the captured
from the attached scanner template is matched, otherwise is <c>false</c>.
</param>
        </member>
        <member name="F:Futronic.SDKHelper.FutronicEnrollment.m_MaxModels">
            <summary>
Max number of models in one template. This value must
be between 3 and 10.
</summary>
        </member>
        <member name="F:Futronic.SDKHelper.FutronicEnrollment.m_Quality">
            <summary>
Estimation of a template quality in terms of recognition:
1 corresponds to the worst quality, 10 denotes the best.
</summary>
        </member>
        <member name="F:Futronic.SDKHelper.FutronicEnrollment.m_Template">
            <summary>
The template of the last enrollment operation.
You cannot modify this variable directly. Use the Template property.
</summary>
        </member>
        <member name="F:Futronic.SDKHelper.FutronicEnrollment.m_bMIOTControlOff">
            <summary>
The MIOT mode setting.
You cannot modify this variable directly. Use the MIOTControl property.
The default value is <c>false</c>.
</summary>
            <seealso cref="P:Futronic.SDKHelper.FutronicEnrollment.MIOTControlOff" />
        </member>
        <member name="M:Futronic.SDKHelper.FutronicEnrollment.EnrollmentThreadStartProc">
            <summary>
The main thread of the enrollment operation.
</summary>
            <remarks>
Function prepares all necessary parameters for enrollment
operation and calls the function from unmanaged
code. This unmanaged function sets all parameters for SDK and
starts the enrollment operation. It helps to reduce number of
switching between managed and unmanaged codes and increases
speed.
</remarks>
        </member>
        <member name="P:Futronic.SDKHelper.FutronicEnrollment.Quality">
            <summary>
Return the quality of the template (Read only).
</summary>
            <remarks>
Return value may be one of the following: 1 (the lowest quality)
to  10 (best quality).
If the enrollment operation is unsuccessful or was not started, the
return value is 0.
</remarks>
            <exception cref="T:System.ObjectDisposedException">
The class instance is disposed. Any calls are prohibited.
</exception>
            <exception cref="T:System.InvalidOperationException">
The enrollment operation is started. You cannot get
this property in the current moment.
</exception>
        </member>
        <member name="P:Futronic.SDKHelper.FutronicEnrollment.Template">
            <summary>
Returns the template of the last enrollment operation (Read only).
</summary>
            <remarks>
Returns a copy of template. If the last enrollment operation is
unsuccessful, the return code is null (or Nothing for VB).
</remarks>
            <exception cref="T:System.ObjectDisposedException">
The class instance is disposed. Any calls are prohibited.
</exception>
            <exception cref="T:System.InvalidOperationException">
The enrollment operation is started. You cannot get
this property in the current moment.
</exception>
        </member>
        <member name="P:Futronic.SDKHelper.FutronicEnrollment.MaxModels">
            <summary>
Max number of models in one template (Read/Write).
</summary>
            <remarks>
This value must be between 3 and 10. The default value is 7.
</remarks>
            <exception cref="T:System.ObjectDisposedException">
The class instance is disposed. Any calls are prohibited.
</exception>
            <exception cref="T:System.InvalidOperationException">
The enrollment operation is started. You cannot change
this property in the current moment.
</exception>
            <exception cref="T:System.ArgumentOutOfRangeException">
You are trying to set invalid number of models.
</exception>
        </member>
        <member name="P:Futronic.SDKHelper.FutronicEnrollment.MIOTControlOff">
            <summary>
The MIOT mode setting property (Read/Write).
</summary>
            <remarks>
Set this property to <c>true</c>, if you want to enable
the MIOT mode.
The default value is <c>false</c>.
</remarks>
            <exception cref="T:System.ObjectDisposedException">
The class instance is disposed. Any calls are prohibited.
</exception>
            <exception cref="T:System.InvalidOperationException">
The enrollment operation is started. You cannot change
this property in the current moment.
</exception>
        </member>
        <member name="M:Futronic.SDKHelper.FutronicEnrollment.Enrollment">
            <summary>
This function starts the enrollment operation.
</summary>
            <remarks>
The enrollment operation starts in its own thread. To interact
with the enrollment operation you should specify one or more
of the following events:
<list type="table"><listheader><term>Event</term><description>Description</description></listheader><item><term>OnPutOn</term><description>Invitation for touching the fingerprint scanner surface.
    </description></item><item><term>OnTakeOff</term><description>Proposal to take off a finger from the scanner surface.
    </description></item><item><term>UpdateScreenImage</term><description>The "Show the current fingerprint image" event.</description></item><item><term>OnFakeSourceHandler</term><description>The "Fake Finger Detected"  event. This event raises
    only if <c>FakeDetection</c> and <c>FFDControl</c> properties are
    <c>true</c>.</description></item><item><term>OnEnrollmentComplete</term><description>This event is signaled when the enrollment operation is completed.
    If the operation is completed successfully, you may get a template.</description></item></list>
If the enrollment operation is completed successfully, you may get a template.
The next call of the enrollment operation removes the last created template.
</remarks>
            <exception cref="T:System.InvalidOperationException">
The enrollment operation is already started.
</exception>
            <exception cref="T:System.ObjectDisposedException">
The class instance is disposed. Any calls are prohibited.
</exception>
        </member>
        <member name="M:Futronic.SDKHelper.FutronicEnrollment.Dispose">
            <summary>
Releases the unmanaged resources used by the FutronicEnrollment and optionally 
releases the managed resources.
</summary>
        </member>
        <member name="M:Futronic.SDKHelper.FutronicEnrollment.#ctor">
            <summary>
The FutronicEnrollment class constructor.
Initialize a new instance of the FutronicEnrollment class.
</summary>
            <exception cref="T:Futronic.SDKHelper.FutronicException">
Error occurs during SDK initialization. To get error code, see 
property ErrorCode of FutronicException class.
</exception>
        </member>
        <member name="E:Futronic.SDKHelper.FutronicEnrollment.OnEnrollmentComplete">
            <summary>
This event is signaled when the enrollment operation is completed.
If the operation is completed successfully, you may get a template.
</summary>
        </member>
        <member name="T:Futronic.SDKHelper.FutronicEnrollment">
            <summary>
The "Enrollment operation" class
</summary>
        </member>
        <member name="T:Futronic.SDKHelper.OnEnrollmentCompleteHandler">
            <summary>
The "Enrollment operation complete" event.
</summary>
            <param name="bSuccess">
                <c>true</c> if the operation succeeds, otherwise is <c>false</c>.
</param>
            <param name="nResult">
The Futronic SDK return code (see FTRAPI.h).
</param>
        </member>
        <member name="F:Futronic.SDKHelper.FutronicSdkBase.m_State">
            <summary>
Current state for the class.
</summary>
        </member>
        <member name="F:Futronic.SDKHelper.FutronicSdkBase.m_WorkedThread">
            <summary>
Pointer to the operation thread: capture, enrollment etc.
</summary>
        </member>
        <member name="F:Futronic.SDKHelper.FutronicSdkBase.m_bFastMode">
            <summary>
Fast mode property
</summary>
            <seealso cref="P:Futronic.SDKHelper.FutronicSdkBase.FastMode" />
        </member>
        <member name="F:Futronic.SDKHelper.FutronicSdkBase.m_FARN">
            <summary>
Current False Accepting Ratio value. It may contains any valid
value.
</summary>
            <seealso cref="P:Futronic.SDKHelper.FutronicSdkBase.FARN" />
        </member>
        <member name="F:Futronic.SDKHelper.FutronicSdkBase.m_FarnLevel">
            <summary>
Current False Accepting Ratio value. Contains only one of
predefined values.
The default value is <c>FarnValues.farn_normal</c>.
</summary>
            <seealso cref="P:Futronic.SDKHelper.FutronicSdkBase.FARnLevel" />
        </member>
        <member name="F:Futronic.SDKHelper.FutronicSdkBase.m_bCancel">
            <summary>
                <c>true</c> if the library should abort current process.
You cannot modify this variable directly. Use the OnCancel property.
</summary>
        </member>
        <member name="F:Futronic.SDKHelper.FutronicSdkBase.m_bFFDControl">
            <summary>
                <c>true</c> if the library should raise the "Fake Detection Event Handler".
You cannot modify this variable directly. Use the FFDControl property.
The default value is <c>true</c>.
</summary>
            <seealso cref="P:Futronic.SDKHelper.FutronicSdkBase.FFDControl" />
        </member>
        <member name="F:Futronic.SDKHelper.FutronicSdkBase.m_bFakeDetection">
            <summary>
                <c>true</c> if the library should activate Live Finger
Detection (LFD) feature. You cannot modify this variable
directly. Use the FakeDetection property.
The default value is <c>false</c>.
</summary>
            <seealso cref="P:Futronic.SDKHelper.FutronicSdkBase.FakeDetection" />
        </member>
        <member name="M:Futronic.SDKHelper.FutronicSdkBase.CheckDispose">
            <summary>
If the class is disposed, this function raises an exception.
</summary>
            <remarks>
This function must be called before any operation in all functions.
</remarks>
        </member>
        <member name="M:Futronic.SDKHelper.FutronicSdkBase.Finalize">
            <summary>
The Finalize method.
</summary>
            <remarks>
Decrements the reference count for the library.
If the reference count on the library falls to 0, the SDK library
is uninitialized.
</remarks>
        </member>
        <member name="M:Futronic.SDKHelper.FutronicSdkBase.cbControl(Futronic.SDKHelper.FTR_PROGRESS,System.UInt32,System.UInt32,System.UInt32,System.UInt32,System.IntPtr)">
            <summary>
State callback function. It's called from unmanaged code.
</summary>
            <param name="StateMask">
a bit mask indicating what arguments are provided
</param>
            <param name="Signal">
this signal should be used to interact with a user
</param>
            <param name="BitmapWidth">
This parameter contain a width of the bitmap to be displayed.
</param>
            <param name="BitmapHeight">
This parameter contain a height of the bitmap to be displayed.
</param>
            <param name="pBitmap">
This parameter contain a pointer to the bitmap to be displayed
</param>
            <returns>
API function execution control code
</returns>
        </member>
        <member name="P:Futronic.SDKHelper.FutronicSdkBase.FastMode">
            <summary>
The "Fast mode" property (Read/Write).
</summary>
            <remarks>
Set this property to <c>true</c>, if you want to use fast mode.
The default value is <c>false</c>.
</remarks>
            <exception cref="T:System.ObjectDisposedException">
The class instance is disposed. Any calls are prohibited.
</exception>
            <exception cref="T:System.InvalidOperationException">
You cannot change this property in the current moment.
</exception>
        </member>
        <member name="P:Futronic.SDKHelper.FutronicSdkBase.IdentificationsLeft">
            <summary>
Gets a value that specify identification limit value. If property contains -1 that is "no limits"
</summary>
            <exception cref="T:System.ObjectDisposedException">
The class instance is disposed. Any calls are prohibited.
</exception>
        </member>
        <member name="P:Futronic.SDKHelper.FutronicSdkBase.IsTrial">
            <summary>
Gets a value that indicates whether a library is trial version.
</summary>
            <exception cref="T:System.ObjectDisposedException">
The class instance is disposed. Any calls are prohibited.
</exception>
        </member>
        <member name="P:Futronic.SDKHelper.FutronicSdkBase.FARN">
            <summary>
The "False Accepting Ratio" property (Read/Write).
</summary>
            <remarks>
You can set any valid False Accepting Ratio (FAR). 
The value must be between 1 and 1000. The larger value implies
the "softer" result.
If you set one from FarnValues values, FARnLevel sets to the
appropriate level.
</remarks>
            <exception cref="T:System.ObjectDisposedException">
The class instance is disposed. Any calls are prohibited.
</exception>
            <exception cref="T:System.InvalidOperationException">
You cannot change this property in the current moment.
</exception>
            <exception cref="T:System.ArgumentOutOfRangeException">
Invalid FARN value. The FARN value must be between 1 and 1000.
</exception>
        </member>
        <member name="P:Futronic.SDKHelper.FutronicSdkBase.FARnLevel">
            <summary>
The "False Accepting Ratio" property (Read/Write).
</summary>
            <remarks>
You cannot use the farn_custom value to set this property. The
farn_custom value shows that a custom value is assigned.
The default value is <c>FarnValues.farn_normal</c>.
</remarks>
            <exception cref="T:System.ObjectDisposedException">
The class instance is disposed. Any calls are prohibited.
</exception>
            <exception cref="T:System.InvalidOperationException">
You cannot change this property in the current moment.
</exception>
            <exception cref="T:System.ArgumentException">
Invalid FarnLevel value. For example, you are trying to set this
property to farn_custom.
</exception>
        </member>
        <member name="P:Futronic.SDKHelper.FutronicSdkBase.FFDControl">
            <summary>
The "Fake Detection Event Handler" property (Read/Write).
</summary>
            <remarks>
Set this property to <c>true</c>, if you want to receive the
"Fake Detect" event. You should also set the <c>FakeDetection</c>
property to receive this event.
The default value is <c>true</c>.
</remarks>
            <exception cref="T:System.ObjectDisposedException">
The class instance is disposed. Any calls are prohibited.
</exception>
            <exception cref="T:System.InvalidOperationException">
You cannot change this property in the current moment.
</exception>
        </member>
        <member name="P:Futronic.SDKHelper.FutronicSdkBase.Version">
            <summary>
ADD DESCRIPTION
</summary>
            <exception cref="T:System.ObjectDisposedException">
The class instance is disposed. Any calls are prohibited.
</exception>
            <exception cref="T:System.InvalidOperationException">
You cannot change this property in the current moment.
</exception>
        </member>
        <member name="P:Futronic.SDKHelper.FutronicSdkBase.FakeDetection">
            <summary>
The "Fake Detection" property (Read/Write).
</summary>
            <remarks>
Set this property to <c>true</c>, if you want to activate Live Finger
Detection (LFD) feature during the capture process.
The capture time is increasing, when you activate the LFD feature.
The default value is <c>false</c>.
</remarks>
            <exception cref="T:System.ObjectDisposedException">
The class instance is disposed. Any calls are prohibited.
</exception>
            <exception cref="T:System.InvalidOperationException">
You cannot change this property in the current moment.
</exception>
        </member>
        <member name="M:Futronic.SDKHelper.FutronicSdkBase.OnCalcel">
            <summary>
This function should be called to abort current process
(enrollment, identification etc.).
</summary>
        </member>
        <member name="M:Futronic.SDKHelper.FutronicSdkBase.Dispose">
            <summary>
Releases the unmanaged resources used by the FutronicSdkBase and optionally 
releases the managed resources.
</summary>
        </member>
        <member name="M:Futronic.SDKHelper.FutronicSdkBase.#ctor">
            <summary>
The FutronicSdkBase class constructor.
Initialize a new instance of the FutronicSdkBase class.
</summary>
            <exception cref="T:Futronic.SDKHelper.FutronicException">
Error occur during SDK initialization. To get error code, see 
property ErrorCode of FutronicException class.
</exception>
        </member>
        <member name="E:Futronic.SDKHelper.FutronicSdkBase.OnFakeSource">
            <summary>
The "Fake Finger Detected"  event handler. This event raises
only if <c>FakeDetection</c> and <c>FFDControl</c> properties are
<c>true</c>.
This event should be used to interact with a user during
enrollment, identification and verification processes.
</summary>
        </member>
        <member name="E:Futronic.SDKHelper.FutronicSdkBase.UpdateScreenImage">
            <summary>
This event handler allows to show Bitmap with users
fingerprint.
This event should be used to interact with a user during
enrollment, identification and verification processes.
</summary>
        </member>
        <member name="E:Futronic.SDKHelper.FutronicSdkBase.OnTakeOff">
            <summary>
The "Take off your finger from the scanner" event handler.
This event should be used to interact with a user during
enrollment, identification and verification processes.
</summary>
        </member>
        <member name="E:Futronic.SDKHelper.FutronicSdkBase.OnPutOn">
            <summary>
The "Put your finger on the scanner" event handler.
This event should be used to interact with a user during
enrollment, identification and verification operations.
</summary>
        </member>
        <member name="F:Futronic.SDKHelper.FutronicSdkBase.m_SyncRoot">
            <summary>
This object synchronizes the FTRAPI.dll usage from any .NET-wrapper class.
</summary>
        </member>
        <member name="F:Futronic.SDKHelper.FutronicSdkBase.m_bDispose">
            <summary>
If the class is deleted by calling <c>Dispose</c>, m_bDispose is true.
</summary>
            <remarks>
After of calling <c>Dispose</c>, the class cannot be used. 
The class raises the <c>ObjectDisposedException</c> exception in
the event of an invalid usage condition. 
</remarks>
        </member>
        <member name="F:Futronic.SDKHelper.FutronicSdkBase.m_InitLock">
            <summary>
This object prevents more than one thread from using nRefCount simultaneously.
It also synchronize the FTRAPI library initialization/deinitialization.
</summary>
        </member>
        <member name="F:Futronic.SDKHelper.FutronicSdkBase.m_RefCount">
            <summary>
Number of the FTRAPI library references.
</summary>
        </member>
        <member name="M:Futronic.SDKHelper.FutronicSdkBase.SdkRetCode2Message(System.Int32)">
            <summary>
Gets an error description by a Futronic SDK error code.
</summary>
            <param name="nRetCode">
Futronic SDK error code.
</param>
            <returns>
Error description.
</returns>
        </member>
        <member name="F:Futronic.SDKHelper.FutronicSdkBase.rgFARN">
            <summary>
Contains predefined FAR values. This array must have the same size as FarnValues
without farn_custom (currently only 6 elements). You may use FarnValues values as
index of this array.
</summary>
        </member>
        <member name="T:Futronic.SDKHelper.FutronicSdkBase">
            <summary>
Base class for any .NET-wrapper. It initialize and terminate the FTRAPI.dll library.
</summary>
        </member>
        <member name="F:Futronic.SDKHelper.EnrollmentState.continue_in_progress">
            <summary>
The identification process is starting for this class
</summary>
        </member>
        <member name="F:Futronic.SDKHelper.EnrollmentState.ready_to_continue">
            <summary>
Class is ready to start the identification operation
</summary>
        </member>
        <member name="F:Futronic.SDKHelper.EnrollmentState.process_in_progress">
            <summary>
Class is receiving the base template or the enrollment operation is starting
</summary>
        </member>
        <member name="F:Futronic.SDKHelper.EnrollmentState.ready_to_process">
            <summary>
The "ready to enrollment" state. class is ready to receive a base template
and start the identification operation
</summary>
        </member>
        <member name="T:Futronic.SDKHelper.FarnValues">
            <summary>
Contains some predefined levels for FAR (False Accepting Ratio) 
</summary>
        </member>
        <member name="F:Futronic.SDKHelper.FarnValues.farn_custom">
            <summary>
This value cannot be used as FARnLevel parameter.
The farn_custom shows that a custom value is assigned for FAR.
</summary>
        </member>
        <member name="T:Futronic.SDKHelper.OnFakeSourceHandler">
            <summary>
The "Fake finger detected" event.
</summary>
            <param name="Progress">
The current progress data structure.
</param>
            <returns>
Returns <c>true</c> if the current indetntification operation should be aborted, otherwise is <c>false</c></returns>
        </member>
        <member name="T:Futronic.SDKHelper.UpdateScreenImageHandler">
            <summary>
The "Show the current fingerprint image" event.
</summary>
            <param name="Bitmap">
The instance of Bitmap class with fingerprint image.
</param>
        </member>
        <member name="T:Futronic.SDKHelper.OnTakeOffHandler">
            <summary>
The "Take off your finger from the scanner" event.
</summary>
            <param name="Progress">
The current progress data structure.
</param>
        </member>
        <member name="T:Futronic.SDKHelper.OnPutOnHandler">
            <summary>
The "Put your finger on the scanner" event.
</summary>
            <param name="Progress">
The current progress data structure.
</param>
        </member>
        <member name="F:Futronic.SDKHelper.FtrIdentifyRecord.Template">
The current template.
</member>
        <member name="F:Futronic.SDKHelper.FtrIdentifyRecord.KeyValue">
            <summary>
The current record unique ID.
This record should be set from the main program.
</summary>
            <remarks>
The maximum unique ID length is 16 bytes.
</remarks>
        </member>
        <member name="T:Futronic.SDKHelper.FtrIdentifyRecord">
            <summary>
Identification information record.
</summary>
        </member>
        <member name="F:Futronic.SDKHelper.FTR_PROGRESS.dwTotal">
Total number of frames to be captured.
</member>
        <member name="F:Futronic.SDKHelper.FTR_PROGRESS.bIsRepeated">
Flag indicating whether the frame is requested not the first time.
</member>
        <member name="F:Futronic.SDKHelper.FTR_PROGRESS.dwCount">
Currently requested frame number.
</member>
        <member name="F:Futronic.SDKHelper.FTR_PROGRESS.dwSize">
The size of the structure in bytes.
</member>
        <member name="T:Futronic.SDKHelper.FTR_PROGRESS">
Data capture progress information.
</member>
        <member name="P:Futronic.SDKHelper.FutronicException.ErrorCode">
            <summary>
Gets a error code.
</summary>
        </member>
        <member name="M:Futronic.SDKHelper.FutronicException.#ctor(System.Int32,System.String)">
            <summary>
Initialize a new instance of the FutronicException class
with specified error code and error message.
</summary>
            <param name="nErrorCode">
Error code
</param>
            <param name="message">
Error message
</param>
        </member>
        <member name="M:Futronic.SDKHelper.FutronicException.#ctor(System.Int32)">
            <summary>
Initialize a new instance of the FutronicException class
with specified error code.
</summary>
            <param name="nErrorCode">
Error code
</param>
        </member>
        <member name="T:Futronic.SDKHelper.FutronicException">
            <summary>
Represent errors that occur during SDK API functions execution.
</summary>
        </member>
    </members>
</doc>